INSERT IGNORE INTO `areas` (`id`, `id_area_dependente`, `nome`) VALUES
	(1, NULL, 'geral'),
	(2, 1, 'Informatica'),
	(3, 1, 'Administração e Gestão'),
	(4, 1, 'Comércio e Venda'),
	(5, 1, 'Desenhos e Design'),
	(6, 1, 'Indústria'),
	(7, 1, 'Preparatórios'),
	(8, 1, 'Idiomas'),
	(9, 1, 'Graduação e Pós');

INSERT IGNORE INTO `formacoes` (`id`, `id_area`, `nome`, `carga_horaria`, `status`) VALUES
	(1, 6, 'AÇÚCAR E ÁLCOOL', NULL, 'ATIVO'),
	(2, 4, 'ATENDIMENTO E VENDA', NULL, 'ATIVO'),
	(3, NULL, 'CST EM GESTÃO DE RH', NULL, 'ATIVO'),
	(4, NULL, 'CST EM GESTÃO DE TI', NULL, 'ATIVO'),
	(5, NULL, 'CST EM GESTÃO FINANCEIRA', NULL, 'ATIVO'),
	(6, NULL, 'CST EM MARKETING', NULL, 'ATIVO'),
	(7, 2, 'DESENVOLVEDOR DE APPs', NULL, 'ATIVO'),
	(9, 2, 'DESENVOLVEDOR DE GAMES', NULL, 'ATIVO'),
	(11, 5, 'DESIGNER GRÁFICO', NULL, 'ATIVO'),
	(12, NULL, 'ENEM E PRÉ-VESTIBULAR', NULL, 'ATIVO'),
	(13, NULL, 'ENGENHARIA DE PRODUÇÃO', NULL, 'ATIVO'),
	(14, 2, 'EXCEL AVANÇADO', NULL, 'ATIVO'),
	(15, 3, 'GESTÃO FINANCEIRA', NULL, 'ATIVO'),
	(16, NULL, 'GOOGLE E REDES SOCIAIS', NULL, 'ATIVO'),
	(17, NULL, 'GRADUAÇÃO ADMINISTRAÇÃO', NULL, 'ATIVO'),
	(18, NULL, 'GRADUAÇÃO CIÊNCIAS CONTÁBEIS', NULL, 'ATIVO'),
	(19, NULL, 'GRADUAÇÃO EDUCAÇÃO FÍSICA - LICENCIATURA', NULL, 'ATIVO'),
	(20, NULL, 'GRADUAÇÃO PEDAGOGIA', NULL, 'ATIVO'),
	(21, 8, 'INGLÊS', NULL, 'ATIVO'),
	(22, 2, 'MONTAGEM E MANUTENÇÃO', NULL, 'ATIVO'),
	(23, 4, 'OPERADOR DE CAIXA', NULL, 'ATIVO'),
	(24, 2, 'OPERADOR DE COMPUTADOR', NULL, 'ATIVO'),
	(25, 5, 'PERSONAL CAD', NULL, 'ATIVO'),
	(26, 6, 'PETRÓLEO E GÁS', NULL, 'ATIVO'),
	(27, 4, 'PROFISSIONAL DA SAÚDE', NULL, 'ATIVO'),
	(28, 2, 'PROGRAMADOR', NULL, 'ATIVO'),
	(29, 3, 'ROTINAS ADMINISTRATIVAS', NULL, 'ATIVO'),
	(30, 4, 'TURISMO E HOTELARIA', NULL, 'ATIVO'),
	(31, 5, 'WEB DESIGNER', NULL, 'ATIVO'),
	(32, 5, 'YOUTUBER', NULL, 'ATIVO'),
	(33, 2, 'ROBÓTICA', NULL, 'ATIVO'),
	(34, 2, 'MICROBIT', NULL, 'ATIVO'),
	(35, 7, 'ENEM', NULL, 'ATIVO'),
	(36, 7, 'CONCURSOS PÚBLICOS', NULL, 'ATIVO'),
	(37, 7, 'OAB', NULL, 'ATIVO'),
	(38, NULL, 'GRAD TECNOLOGIA DA INFORMAÇÃO', NULL, 'ATIVO'),
	(39, NULL, 'GRAD SISTEMAS DE INTERNET', NULL, 'ATIVO'),
	(40, NULL, 'GRAD CIÊNCIA DE DADOS E INTELIGÊNCIA ARTIFICIAL', NULL, 'ATIVO'),
	(41, NULL, 'GRAD GESTÃO DE MARKETING', NULL, 'ATIVO'),
	(42, NULL, 'GRAD MARKETING DIGITAL', NULL, 'ATIVO'),
	(43, NULL, 'GRAD ADMINISTRAÇÃO', NULL, 'ATIVO'),
	(44, NULL, 'GRAD CIÊNCIAS CONTÁBEIS', NULL, 'ATIVO'),
	(45, NULL, 'GRAD LOGÍSTICA', NULL, 'ATIVO'),
	(46, NULL, 'GRAD RECURSOS HUMANOS', NULL, 'ATIVO'),
	(47, NULL, 'GRAD GESTÃO FINANCEIRA', NULL, 'ATIVO'),
	(48, NULL, 'GRAD ENGENHARIA DE PRODUÇÃO', NULL, 'ATIVO'),
	(49, NULL, 'GRAD LICENCIATURA EM EDUCAÇÃO FÍSICA', NULL, 'ATIVO'),
	(50, NULL, 'GRAD BACHAREL EM EDUCAÇÃO FÍSICA PARA LICENCIADOS', NULL, 'ATIVO'),
	(51, NULL, 'GRAD PEDAGOGIA', NULL, 'ATIVO'),
	(52, NULL, 'GRAD TEOLOGIA', NULL, 'ATIVO');

INSERT IGNORE INTO `modulos` (`id`, `nome`, `carga_horaria`, `status`) VALUES
	(1, 'AÇÚCAR E ÁLCOOL I', NULL, 'ATIVO'),
	(2, 'AÇÚCAR E ÁLCOOL II', NULL, 'ATIVO'),
	(3, 'AÇÚCAR E ÁLCOOL III', NULL, 'ATIVO'),
	(4, 'AÇÚCAR E ÁLCOOL IV', NULL, 'ATIVO'),
	(5, 'WINDOWS', NULL, 'ATIVO'),
	(6, 'WORD', NULL, 'ATIVO'),
	(7, 'EXCEL', NULL, 'ATIVO'),
	(8, 'POWERPOINT', NULL, 'ATIVO'),
	(9, 'INTERNET', NULL, 'ATIVO'),
	(10, 'GOOGLE E REDES SOCIAIS', NULL, 'ATIVO'),
	(11, 'LÓGICA DE PROGRAMAÇÃO', NULL, 'ATIVO'),
	(12, 'ACCESS', NULL, 'ATIVO'),
	(13, 'VISUAL BASIC I', NULL, 'ATIVO'),
	(14, 'VISUAL BASIC II', NULL, 'ATIVO'),
	(15, 'JAVA I', NULL, 'ATIVO'),
	(16, 'JAVA II', NULL, 'ATIVO'),
	(17, 'HTML', NULL, 'ATIVO'),
	(18, 'FRONTPAGE', NULL, 'ATIVO'),
	(19, 'DREAMWEAVER', NULL, 'ATIVO'),
	(20, 'FLASH', NULL, 'ATIVO'),
	(21, 'FIREWORKS', NULL, 'ATIVO'),
	(22, 'PHP', NULL, 'ATIVO'),
	(23, 'COREL DRAW X6', NULL, 'ATIVO'),
	(24, 'PHOTOSHOP CS6', NULL, 'ATIVO'),
	(25, 'INDESIGN CS6', NULL, 'ATIVO'),
	(26, 'FIREWORKS CS6', NULL, 'ATIVO'),
	(27, 'EXCEL AVANÇADO I', NULL, 'ATIVO'),
	(28, 'EXCEL AVANÇADO II', NULL, 'ATIVO'),
	(29, 'AUTOCAD 2D', NULL, 'ATIVO'),
	(30, 'AUTOCAD 3D', NULL, 'ATIVO'),
	(31, '3D STUDIO I', NULL, 'ATIVO'),
	(32, '3D STUDIO II', NULL, 'ATIVO'),
	(33, 'MONTAGEM E MANUTENÇÃO I', NULL, 'ATIVO'),
	(34, 'MONTAGEM E MANUTENÇÃO II', NULL, 'ATIVO'),
	(35, 'MANUTENÇÃO DE NOTEBOOKS', NULL, 'ATIVO'),
	(36, 'MANUTENÇÃO DE CELULARES', NULL, 'ATIVO'),
	(37, 'REDES', NULL, 'ATIVO'),
	(38, 'ATENDIMENTO AO CLIENTE', NULL, 'ATIVO'),
	(39, 'VENDAS', NULL, 'ATIVO'),
	(40, 'TELEMARKETING I', NULL, 'ATIVO'),
	(41, 'TELEMARKETING II', NULL, 'ATIVO'),
	(42, 'CRÉDITO', NULL, 'ATIVO'),
	(43, 'CUSTOS', NULL, 'ATIVO'),
	(44, 'COBRANÇA', NULL, 'ATIVO'),
	(45, 'COMPRA E ESTOQUE', NULL, 'ATIVO'),
	(46, 'LIDERANÇA', NULL, 'ATIVO'),
	(47, 'ADMINISTRAÇÃO FINANCEIRA', NULL, 'ATIVO'),
	(48, 'TURISMO', NULL, 'ATIVO'),
	(49, 'HOTELARIA', NULL, 'ATIVO'),
	(50, 'ASSISTE ADMINISTRATIVO', NULL, 'ATIVO'),
	(51, 'OPERADOR DE CAIXA', NULL, 'ATIVO'),
	(52, 'ATENDIMENTO AO CLIENTE', NULL, 'ATIVO'),
	(53, 'PROPAGANDA E MARKETING', NULL, 'ATIVO'),
	(54, 'SECRETARIADO', NULL, 'ATIVO'),
	(55, 'DEPARTAMENTO PESSSOAL', NULL, 'ATIVO'),
	(56, 'MATEMÁTICA FINANCEIRA', NULL, 'ATIVO'),
	(57, 'ADMINISTRAÇÃO FINANCEIRA', NULL, 'ATIVO'),
	(58, 'ESCRITA FISCAL E CONTABILIDADE', NULL, 'ATIVO'),
	(59, 'PETRÓLEO E GÁS I', NULL, 'ATIVO'),
	(60, 'PETRÓLEO E GÁS II', NULL, 'ATIVO'),
	(61, 'PETRÓLEO E GÁS III', NULL, 'ATIVO'),
	(62, 'PETRÓLEO E GÁS IV', NULL, 'ATIVO'),
	(63, 'ATENDENTE DE FARMÁCIA', NULL, 'ATIVO'),
	(64, 'AUXILAR ODONTOLÓGICO', NULL, 'ATIVO'),
	(65, 'AUXILAR MÉDICO', NULL, 'ATIVO'),
	(66, 'TÉCNICAS DE RECEPÇÃO', NULL, 'ATIVO'),
	(67, 'BOOK 1', NULL, 'ATIVO'),
	(68, 'BOOK 2', NULL, 'ATIVO'),
	(69, 'BOOK 3', NULL, 'ATIVO'),
	(70, 'BOOK 4', NULL, 'ATIVO'),
	(71, 'ROBÓTICA', NULL, 'ATIVO'),
	(72, 'DESENVOLVEDOR DE APPs', NULL, 'ATIVO'),
	(73, 'DESENVOLVEDOR DE GAMES', NULL, 'ATIVO'),
	(74, 'DESENVOLVEDOR DE APPS AV', NULL, 'ATIVO'),
	(75, 'DESENVOLVEDOR DE GAMES AV', NULL, 'ATIVO'),
	(76, 'MICROBIT', NULL, 'ATIVO'),
	(77, 'ENEM', NULL, 'ATIVO'),
	(78, 'CONCURSOS PÚBLICOS', NULL, 'ATIVO'),
	(79, 'OAB', NULL, 'ATIVO'),
	(80, 'GRAD TECNOLOGIA DA INFORMAÇÃO', NULL, 'ATIVO'),
	(81, 'GRAD SISTEMAS DE INTERNET', NULL, 'ATIVO'),
	(82, 'GRAD CIÊNCIA DE DADOS E I.A.', NULL, 'ATIVO'),
	(83, 'GRAD GESTÃO DE MARKETING', NULL, 'ATIVO'),
	(84, 'GRAD MARKETING DIGITAL', NULL, 'ATIVO'),
	(85, 'GRAD ADMINISTRAÇÃO', NULL, 'ATIVO'),
	(86, 'GRAD CIÊNCIAS CONTÁBEIS', NULL, 'ATIVO'),
	(87, 'GRAD LOGÍSTICA', NULL, 'ATIVO'),
	(88, 'GRAD RECURSOS HUMANOS', NULL, 'ATIVO'),
	(89, 'GRAD GESTÃO FINANCEIRA', NULL, 'ATIVO'),
	(90, 'GRAD ENGENHARIA DE PRODUÇÃO', NULL, 'ATIVO'),
	(91, 'GRAD LICENC. EM EDUCAÇÃO FÍSICA', NULL, 'ATIVO'),
	(92, 'GRAD BACHAREL EM EDUCAÇÃO FÍSICA', NULL, 'ATIVO'),
	(93, 'GRAD PEDAGOGIA', NULL, 'ATIVO'),
	(94, 'GRAD TEOLOGIA', NULL, 'ATIVO'),
	(95, 'EDIÇÃO DE VÍDEOS', NULL, 'ATIVO'),
	(96, 'YOUTUBER', NULL, 'ATIVO');

INSERT IGNORE INTO `formacoes_modulos` (`id_formacao`, `id_modulo`) VALUES
	(1, 1),
	(1, 2),
	(1, 3),
	(1, 4),
	(2, 39),
	(2, 40),
	(2, 41),
	(2, 52),
	(7, 72),
	(9, 73),
	(11, 23),
	(11, 24),
	(11, 25),
	(11, 26),
	(14, 7),
	(14, 27),
	(14, 28),
	(15, 42),
	(15, 43),
	(15, 44),
	(15, 45),
	(21, 67),
	(21, 68),
	(21, 69),
	(21, 70),
	(22, 33),
	(22, 34),
	(22, 35),
	(22, 36),
	(22, 37),
	(23, 38),
	(23, 50),
	(23, 51),
	(24, 5),
	(24, 6),
	(24, 7),
	(24, 8),
	(24, 9),
	(24, 10),
	(25, 29),
	(25, 30),
	(25, 31),
	(25, 32),
	(26, 59),
	(26, 60),
	(26, 61),
	(26, 62),
	(27, 63),
	(27, 64),
	(27, 65),
	(27, 66),
	(28, 11),
	(28, 12),
	(28, 13),
	(28, 14),
	(28, 15),
	(28, 16),
	(29, 46),
	(29, 50),
	(29, 51),
	(29, 53),
	(29, 54),
	(29, 55),
	(29, 56),
	(29, 57),
	(29, 58),
	(30, 48),
	(30, 49),
	(31, 17),
	(31, 18),
	(31, 19),
	(31, 20),
	(31, 21),
	(31, 22),
	(32, 95),
	(32, 96),
	(33, 71),
	(34, 76),
	(35, 77),
	(36, 78),
	(37, 79),
	(38, 80),
	(39, 81),
	(40, 82),
	(41, 83),
	(42, 84),
	(43, 85),
	(44, 86),
	(45, 87),
	(46, 88),
	(47, 89),
	(48, 90),
	(49, 91),
	(50, 92),
	(51, 93),
	(52, 94);